user_id,name,type,fails
676daa12aba347fab313296bd92629df,Vivan,Dummy,25
4b6972740ed34bc58477285924758c0d,Kathy,Dummy,24
985a36cd25d541a7962c7f08ed4a8da7,Michelle,Dummy,23
679f0070bb704d2b89893f88d681414d,James,Dummy,23
c2d2ba296564446c9834a80c5a000067,Anibal,Dummy,22
998cbd5cc52c4d57ae43e9a3513a7252,Maxine,Dummy,22
4dd5b5372a5249d0bee467ac0796b537,Kathleen,Dummy,22
9c02bb0714c643ef8ea5cd644c33b3cf,Sheila,Dummy,21
6dfe1851419442e8af962241a7ec85e5,James,Dummy,21
556ed98892e44445bede470de823c644,Stefanie,Dummy,21
36acf36b0453454989895b25661ca0cf,Jeannette,Dummy,21
f00c3d2ccaa04f4e807325a49c501852,Karen,Dummy,20
d98d2b9c81154a10aa7431e8f59c4a5e,Cynthia,Dummy,20
c78cba51d503442baf6d648a809cbfa2,Barbara,Dummy,20
7d2c5ae7bd7d4b369b38ab4902cb251a,William,Dummy,20
438ece65328646a5b97d199a79e6e121,Mary,Dummy,20
3479a441de6440c896863136cf8383bf,Jean,Dummy,20
f48a62c002084b348751ffe03b90947e,Michael,Dummy,19
d3fe3d13844d4b18b5abac36ce935756,Kathleen,Dummy,19
ce8ce44384544b9e95358e982120ac31,Antonia,Dummy,19
c5200f5519854dfc8d51cdf2dc2049e8,Nilsa,Dummy,19
377201b439e4494d842746b982f06428,Scott,Dummy,19
115cccce21414cdd8945486ada8e1964,Edith,Dummy,19
0a12affa1b404d5f81cc83df093fe751,Kathy,Dummy,19
d978f9d669d64caea253611c2679f5e2,Patrick,Dummy,18
d08beefe18954b2b907d6885fd972f98,Maribeth,Dummy,18
98041ccb543f4057a0fc6bdb674e471a,Bruce,Dummy,18
8bb0880bcc2f4402a3fced2a1b3d033a,Jame,Dummy,18
888aa262a71b4dad8051f80296a3eeab,Patricia,Dummy,18
8819ef4d435f4661ac0200abe2201ef7,Peter,Dummy,18
7d9b6b7f5d5046aa9b8ef5aed1983758,Michelle,Dummy,18
72616f136e104a35ab08c12b16040342,Vivian,Dummy,18
4c6e611b53884c69b29a76eb865ef3c5,Christopher,Dummy,18
409f8123b10e428f8b122d35b6463230,Alfred,Dummy,18
40915a5570a843d68489409faf0b213d,Joan,Dummy,18
2bba62bafd7d4e3ea7fee222b302778f,Grant,Dummy,18
18458729f8054d7db9585d274e69344b,Margaret,Dummy,18
fa0649a15d67488f852d8ccd4dc3d289,Ethel,Dummy,17
e4eea37c43e047cdb1a5f49ba870f24d,Isis,Dummy,17
d21bd95c9af14e9280731fc2bbf8387d,Laurence,Dummy,17
c5c4102517e644a790d9c564ec35a549,George,Dummy,17
bd16d78aac9844b2a02b8b5179f6d461,Terry,Dummy,17
9e9952921caa4efeb5906f20047afed6,Todd,Dummy,17
858315f621c24af9986594c88ad0a2cf,Rosia,Dummy,17
68a5a536c63b4f1caff6cff867902122,Mary,Dummy,17
629ef7ad08774c2a84c0ff84770b89a8,Kelli,Dummy,17
54224bf9004f482396b8e945db1d67c0,David,Dummy,17
27acef3dd9e54bc2a70d722636874123,John,Dummy,17
1fe0540ded2f4a2492318aab458ee487,Jean,Dummy,17
18bad97b491f4ca28a11938df98fc60f,Lea,Dummy,17
f8f734b409484fc19fe27c75ede0f5f1,Ian,Dummy,16
e6487debcbb24d44afbcecb714306bbd,John,Dummy,16
de1693f0e40745429f81d8a42cc28adc,Rebecca,Dummy,16
b3f1542ff1974b97af45cec8f476a716,Edith,Dummy,16
aadef3cecc1c4ba8a6ad6aeb64539f46,Deanna,Dummy,16
a033758578b14ea8b29cdd2398a0ff29,Kenneth,Dummy,16
91eba6aa61464eafbef177fec919fc2a,Jane,Dummy,16
8e9f917179784925a5ca17217698ffe7,Mike,Dummy,16
8ab9688753cc4b87a410ce085d928289,Mollie,Dummy,16
7a56566e74d24142acba6a1093fb4897,Albert,Dummy,16
248d642702a942f48d6b280b2a785458,Jane,Dummy,16
d5ac268e17854cdf936e10fc67297028,Johnny,Dummy,15
93090e8082db4cd18b330185c227114a,Joseph,Dummy,15
8f3f75231a264619878bb02c740c1425,Shirley,Dummy,15
6134b37327ae4ee5af3d8a72dbf2758e,Howard,Dummy,15
60a28d5f806d4481b4f26ab7b55871b6,Brandy,Dummy,15
608158e432934629af549accc9eb116d,Clara,Dummy,15
47a8d1ffd8534f01badb14b3b4b76cb9,Samantha,Dummy,15
2d177513ae4145d4bae53e7f52594ba3,Molly,Dummy,15
21425d401bd34040add081ea36bf7cd7,Gina,Dummy,15
0f756ef399094cab85f2214023ef1181,Jeffrey,Dummy,15
f34feb0736b04ad49516ff15ca7c1ec9,Linda,Dummy,14
9db014988cbf4c29af6aa8a25c1e01f5,Herbert,Dummy,14
7e07e72976304111a508cf3f0adfff26,Heidi,Dummy,14
796036ec166a4130b2aaec2c391d76a9,Dennis,Dummy,14
6905784b1c2645bab631423b1daf97e1,Timothy,Dummy,14
48190d99074e48a388a69bb248ae8cbc,Frank,Dummy,14
43f25edf625144dfb5b8c2f135625fd5,Vernie,Dummy,14
ea2cc4a9011848c792bb2f710be25a25,Noel,Dummy,13
e6dad28d28ce4484bd8030e9761a7ada,Robbin,Dummy,13
ba98654c1adb44b788e1d415163b9da2,Brandon,Dummy,13
b2959cc453fd448e9f5d93882e405bfa,Sally,Dummy,13
6bc5f452a2a541aba7d0ea254cdb4920,Reinaldo,Dummy,13
4b52daec50dd44de8b5a128f94daefb7,Cameron,Dummy,13
44097463dd2b4c71bb67c171ebf9a70a,Joshua,Dummy,13
3d269fc10c9e4b78ae6d2579499e5150,William,Dummy,13
2ef5072c49c44b1384bba09b3fabda82,Michael,Dummy,13
026cea8834c642cbadb5c7ac4d28a22d,Adam,Dummy,13
ed5bb5742ea443a284e0e30cbfd456fb,Paul,Dummy,12
e1552ea4f1234054a986773017681fcc,Richard,Dummy,11
db8d780bffb64218987166071b4a956e,Michael,Dummy,11
a80cb0d2d5584777a7aa94a769fc4afe,Santos,Dummy,11
411d0d638bc14c86aeb499a3b9797141,Dionne,Dummy,11
2a9e7968a6c348f582011a5d85999c2e,Cherie,Dummy,11
14d1b94d071246dcaf9d3a0f8e216175,Brendan,Dummy,11
8aeaa9ea3fa74e478190da1199b805d5,Tiffiny,Dummy,10
4e5953cffaff4a1cbc5b5ec4288d5cf4,Leonard,Dummy,10
4c5a7ad188b94ad196a868b64bbce6fc,Benjamin,Dummy,10
4589e82e3e914a6d98ca343954cbfa3b,Lillian,Dummy,10
d81c0070c8744cfbb3077eafeb1cd8b5,Christopher,Dummy,9
